{"(0, 0, 0, 0)": [1.2499996717388802, 1.249999924468757], "(0, -1, 1, 0)": [1.2499034692721718, 1.2499999999999563], "(0, 0, 1, 0)": [1.2499999999999345, 1.2499158684673688], "(0, 0, 2, 0)": [1.2499999999997187, 1.2499999647899012], "(0, -1, 3, 1)": [1.24999999817778, 1.2499999999964972], "(0, -1, 2, 0)": [1.2499999999991758, 1.2499999999369837], "(0, 0, 3, 0)": [1.2499999996546396, 1.249999997612232], "(0, -1, 0, 0)": [1.2499997882237155, 1.249999995060642], "(0, -1, 0, 1)": [1.249999999998655, 1.249999989718777], "(0, -1, 1, 1)": [1.2499999852502095, 1.2499999999992863], "(0, -1, 2, 1)": [1.2499999297451196, 1.2499999999969893], "(0, -2, 3, 1)": [1.2349838297522713, 1.2499456891717353], "(0, -2, 2, 1)": [1.240779162303727, 1.1968550761887364], "(0, -2, 4, 1)": [1.2499991865265911, 0.8287789941241956], "(0, -1, 4, 1)": [0.6404062434684002, 1.2499999956535381], "(0, -1, 3, 0)": [1.2499999999993627, 1.2499999997248228], "(0, 1, 1, 0)": [1.2415590024365952, 1.1571018269543802], "(0, 1, 0, 0)": [1.2499979673028063, 1.2468914313726724], "(0, 0, 3, 1)": [1.2499999989545398, 0.8080413475816627], "(0, 0, 2, 1)": [1.2499999725861606, 0.27406377451198566], "(1, 0, 1, 0)": [0, 0.49775723632149044], "(1, 1, 2, 0)": [0.1273957257726011, 0.9857213912240061], "(1, 2, 1, 0)": [0, 0.48866277825863136], "(1, 2, 0, -1)": [0, 0.20429064], "(1, 3, 0, -1)": [0.2136664872708659, 0], "(1, 3, -1, -1)": [0, 0.25327975199999997], "(1, 3, -2, -1)": [0.16132996922870335, 0], "(1, 3, -3, -1)": [0.13374758957761723, 0], "(0, 0, -1, 0)": [1.2499993774159819, 1.2498274530882079], "(0, 1, -1, 0)": [1.2499981623262395, 1.2496881714817445], "(0, 1, -2, 0)": [1.2499993831249971, 1.2490283851235051], "(0, 0, -3, 0)": [1.2473853878251173, 1.2499999674354783], "(0, -2, 1, 1)": [1.2286730524652236, 0.07499999997767863], "(0, 0, 1, 1)": [0, 1.2163200756935024], "(0, 1, -2, -1)": [1.2454401281121217, 1.2315498461943502], "(0, 1, -3, -1)": [1.249997931661442, 1.2313609671217682], "(0, 1, -1, -1)": [1.2472373493949813, 1.2494109427732774], "(0, 0, -2, 0)": [1.2499989603965915, 1.2439912579353707], "(0, 2, -3, -1)": [0, 1.2485064921501663], "(0, 1, 2, 0)": [1.249230906484825, 0], "(0, 1, 0, -1)": [1.2373502111153551, 0.1332880225214625], "(0, 1, -3, 0)": [0.28277382808189633, 1.2499991372676384], "(0, 1, -4, -1)": [0.06249999557040915, 1.2333619217723057], "(0, -1, -2, 0)": [1.2499746952008282, 1.2470980182032358], "(0, -1, -1, 0)": [1.2466295642947074, 1.2499971772279996], "(0, -2, 0, 1)": [0, 1.2499812255007254], "(0, 0, -1, -1)": [1.2374584640767505, 0], "(0, 0, -2, -1)": [0.6511629831809584, 0.05178020050245146], "(1, 0, 2, 0)": [0.5736806967685595, 0], "(1, 0, 3, 1)": [0, 0.20072499999147428], "(0, 0, -3, -1)": [0.7004518656349572, 0], "(0, 2, -4, -1)": [0, 0.12187459557135949], "(0, -2, -2, 0)": [1.2494834473153316, 0.2117451191679003], "(0, -2, -1, 0)": [1.249859577888065, 0.8205401680933212], "(-1, -2, -1, 0)": [1.2493586685120013, 0.6845692042862688], "(-1, -2, 0, 1)": [0.3906686516631504, 1.2499849565073669], "(-1, -2, 0, 0)": [1.0698699185217888, 1.2499177617420134], "(-1, -1, 0, 0)": [1.249964960115516, 0.7557544255469237], "(-1, -2, 1, 0)": [0.8660692407049349, 1.2495812040256284], "(-1, -1, 1, 0)": [1.2479489027093467, 0.9791067362082565], "(-1, -1, 2, 0)": [1.1493870375477175, 1.2499653555131751], "(-1, 0, 2, 0)": [1.249918509892735, 0.4877566595471963], "(-2, 0, 2, 0)": [1.2436792537055414, 0.95763527632217], "(-2, -1, 1, 0)": [0.9090893975777258, 1.2499817590945768], "(-2, 0, 1, 0)": [1.2499349191060938, 0.9828713898179826], "(-2, -1, 2, 0)": [1.1477936152718222, 1.2495355534250876], "(-2, 0, 3, 0)": [1.2462608757273503, 0.7446290180683356], "(-2, -1, 3, 0)": [0.47004654131808404, 1.2495255455894803], "(-1, -1, -2, 0)": [0.6455130182460864, 1.2499986638868152], "(-1, 0, -2, 0)": [1.2499995044360945, 0.14502056109793837], "(-1, -1, -3, 0)": [0.2007246109992175, 1.2499993295209937], "(-1, 0, -3, 0)": [1.249999499052987, 0.2590730595605945], "(0, -2, 0, 0)": [0.38686782197546715, 1.2499239072935893], "(-1, -2, 2, 0)": [0.38719895873883026, 1.2499932462668946], "(0, -2, -1, 1)": [1.2440072495752152, 0.14546541880132519], "(0, -2, 1, 0)": [1.2422209126074444, 0.07499999999999996], "(-1, -1, -1, 0)": [1.249820476247315, 0.3873254739329326], "(-1, -1, 3, 0)": [0.27145035238447385, 1.2499764683829793], "(-1, 0, 3, 0)": [1.2499077982873437, 0.14549429245902384], "(-1, -3, 0, 1)": [0.07246959216579442, 1.2132285834810246], "(-2, 0, 0, 0)": [0.14476829498288873, 1.2372592648197323], "(-2, 0, 0, -1)": [1.1544189656924115, 0.1356359717935468], "(-2, 0, -1, -1)": [0.9471116105378387, 0], "(-2, 0, -1, 0)": [1.2263801334518238, 0.06960089181165986], "(-2, 0, -2, 0)": [0, 1.211948684312333], "(-2, 0, -3, -1)": [0, 1.1684507857215913], "(-1, -2, -2, 0)": [1.246339173326491, 0.14538096760095492], "(-1, 0, 1, 0)": [0.21165635382020803, 1.2497030509719198], "(-1, 0, 0, -1)": [0.12179363659563716, 0], "(-1, 0, 0, 0)": [1.249509430435718, 0.3287229399916248], "(-2, -1, -1, 0)": [0, 0.8406409409889386], "(-2, -1, -2, 0)": [0.6579023170717311, 0], "(-2, -2, -2, 0)": [0.20558371855996155, 0], "(-2, -2, -1, 0)": [0, 0.21299687502989473], "(-2, -1, -3, 0)": [0.218650773457416, 0], "(-2, -2, -3, 0)": [0, 0], "(0, -3, 3, 1)": [0.8113930315740441, 0], "(-1, -3, 3, 1)": [0.6670015335978134, 0], "(0, 0, 0, -1)": [1.1939885136577113, 0.06207622395937317], "(0, -1, -3, 0)": [0, 0.5012060316822602], "(0, 2, -2, -1)": [0, 0.13371521483126927], "(-1, -2, 1, 1)": [0.7833993358844428, 0.07499949810974124], "(-1, -2, 2, 1)": [0.961946794401471, 0], "(-1, -2, 3, 1)": [0, 1.0524452610324544], "(-2, -2, 2, 0)": [1.079541582345961, 0.0749999818160962], "(-2, -2, 3, 1)": [0, 0.7308513636565218], "(-2, -1, 0, 0)": [1.2464252685983663, 0.3826065363182369], "(-2, -2, 1, 0)": [0, 1.204171501477217], "(-3, -1, 2, 0)": [0, 1.2137244745109594], "(-3, 0, 2, 0)": [0.07493543308765475, 1.2417084677836279], "(-3, 0, 1, 0)": [1.2451034215512427, 0.14519693344127274], "(-3, -1, 1, 0)": [1.2037578339863972, 0], "(0, -2, 2, 0)": [0.3222957942073079, 0], "(-1, 0, -1, 0)": [1.2089280290248525, 0.0725113216104218], "(-1, -3, -1, 0)": [0, 0.6481942833839522], "(-2, -2, 0, 0)": [0, 1.161451548743465], "(-3, -2, 1, 0)": [0.11234042080950918, 0], "(-3, -2, 2, 0)": [0.48413215556520584, 0], "(-3, -2, 2, 1)": [0.5218698324723112, 0.06], "(-3, -2, 3, 1)": [0, 0.7050971653895327], "(-3, 0, 3, 0)": [0, 1.2140389981210353], "(-3, 1, 1, 0)": [0, 0.26325159332438625], "(-2, 1, 1, -1)": [0.11047594803176507, 0], "(-2, 1, 0, 0)": [0.49792120734242157, 0], "(-2, 1, -1, 0)": [0, 0.228387235163659], "(-2, 1, -1, -1)": [0, 0.7126597743570607], "(-2, 1, -2, -1)": [0.06, 0.7097263788358817], "(-2, 2, -3, -1)": [0, 0.6734644062565379], "(-2, 0, -2, -1)": [0.924635811279026, 0], "(-3, 0, 0, 0)": [0.14201701420584567, 1.1847538692974855], "(-2, 1, 0, -1)": [0, 0.7200845428625128], "(-2, 2, -4, -2)": [0.06249990676571382, 0], "(-3, 1, 1, -1)": [0, 0.2789357405034591], "(-2, 2, 0, -1)": [0.12563906952353399, 0], "(-2, 2, -2, -1)": [0, 0.2789004732345167], "(-1, -2, -1, 1)": [0.32639923455674863, 0], "(-1, -3, -1, 1)": [0, 0.48802706758885184], "(-2, 2, -4, -1)": [0.1454997224776517, 0], "(-2, 0, -3, 0)": [1.0257780589298586, 0], "(-3, -1, 0, 0)": [0, 0.4775347296678463], "(-3, 0, 0, -1)": [0.11980786433822961, 0.06], "(-3, 0, -1, 0)": [0.4270204201185194, 0], "(-3, 0, -2, 0)": [0.5220497000582938, 0], "(-3, -1, -3, 0)": [0, 0.06], "(-3, 0, -3, 0)": [0, 0.24898712451276162], "(0, -3, 0, 1)": [0, 0.14533940582769594], "(-3, 1, 0, 0)": [0, 0.22142117579544798], "(-3, 1, 0, -1)": [0.5161181810850348, 0], "(-2, 1, -3, -1)": [0, 0.6846798500957672], "(-3, 1, -1, 0)": [0, 0.12070537097084916], "(-3, 1, -1, -1)": [0.32812258122434546, 0], "(-3, 1, -2, -1)": [0, 0.06], "(-3, 1, -3, -1)": [0.06162188662526153, 0], "(-3, -2, 3, 0)": [0.07499999953726307, 0], "(-1, -1, 0, 1)": [0.06284258759983755, 0], "(-2, -2, 2, 1)": [0.061604997442693606, 0],