{"(0, 0, 0, 0)": [1.2499999993518767, 1.24999999900608], "(0, -1, 1, 0)": [1.2499999999999964, 1.2499999999999567], "(0, 0, 1, 0)": [1.2499999999999964, 1.2499999631921614], "(0, 0, 2, 0)": [1.2499999999999964, 1.2499999832427768], "(0, -1, 3, 1)": [1.24999999881564, 1.2499999999999964], "(0, -1, 2, 0)": [1.2499999999996245, 1.2499999999999964], "(0, 0, 3, 0)": [1.2499999999999964, 1.2499996525144272], "(0, -1, 0, 0)": [1.2499999995886473, 1.249999999992674], "(0, -1, 0, 1)": [1.2499515880623158, 1.2499999999999964], "(0, -1, 1, 1)": [1.2499999999993467, 1.2499999999999964], "(0, -1, 2, 1)": [1.2499999998555402, 1.2499999999999964], "(0, -2, 3, 1)": [1.2349838297522713, 1.2499668891520974], "(0, -2, 2, 1)": [1.2365369664499397, 1.1968550761887364], "(0, -2, 4, 1)": [1.2499991865265911, 0.8287789941241956], "(0, -1, 4, 1)": [0.6404062434684002, 1.2499999956535381], "(0, -1, 3, 0)": [1.2499999999999964, 1.2499999999745046], "(0, 1, 1, 0)": [1.242989042283611, 1.1571018269543802], "(0, 1, 0, 0)": [1.2499999268187167, 1.2468914313726724], "(0, 0, 3, 1)": [1.249999989488602, 0.8080413475816627], "(0, 0, 2, 1)": [1.2499999757655893, 0.27406377451198566], "(1, 0, 1, 0)": [0, 0.49775723632149044], "(1, 1, 2, 0)": [0.1273957257726011, 0.9857213912240061], "(1, 2, 1, 0)": [0, 0.48866277825863136], "(1, 2, 0, -1)": [0, 0.20429064], "(1, 3, 0, -1)": [0.2136664872708659, 0], "(1, 3, -1, -1)": [0, 0.25327975199999997], "(1, 3, -2, -1)": [0.16132996922870335, 0], "(1, 3, -3, -1)": [0.13374758957761723, 0], "(0, 0, -1, 0)": [1.2499837790935575, 1.2499644753167756], "(0, 1, -1, 0)": [1.2499998225717022, 1.2496992973249328], "(0, 1, -2, 0)": [1.2499993831249971, 1.2490283851235051], "(0, 0, -3, 0)": [1.2473853878251173, 1.249999997465426], "(0, -2, 1, 1)": [1.2327210520339074, 0.07499999997767863], "(0, 0, 1, 1)": [0, 1.2163200756935024], "(0, 1, -2, -1)": [1.2472858009161407, 1.2326021369600346], "(0, 1, -3, -1)": [1.2499983449197165, 1.2313609671217682], "(0, 1, -1, -1)": [1.2472373493949813, 1.2494236427147758], "(0, 0, -2, 0)": [1.2499994970028352, 1.2481454900613977], "(0, 2, -3, -1)": [0, 1.2485064921501663], "(0, 1, 2, 0)": [1.2494355591709596, 0], "(0, 1, 0, -1)": [1.2373502111153551, 0.1332880225214625], "(0, 1, -3, 0)": [0.28277382808189633, 1.2499991887972137], "(0, 1, -4, -1)": [0.06249999557040915, 1.2333619217723057], "(0, -1, -2, 0)": [1.2498781840999749, 1.2485303244456551], "(0, -1, -1, 0)": [1.2483921883447995, 1.2498039731876733], "(0, -2, 0, 1)": [0, 1.2499786337863827], "(0, 0, -1, -1)": [1.2389182928263922, 0], "(0, 0, -2, -1)": [0.6511629831809584, 0.05178020050245146], "(1, 0, 2, 0)": [0.5736806967685595, 0], "(1, 0, 3, 1)": [0, 0.20072499999147428], "(0, 0, -3, -1)": [0.7004518656349572, 0], "(0, 2, -4, -1)": [0, 0.12187459557135949], "(0, -2, -2, 0)": [1.2496598238417769, 0.27404041120421435], "(0, -2, -1, 0)": [1.2497317165113793, 0.8205401680933212], "(-1, -2, -1, 0)": [1.2490691052703349, 0.718487034197767], "(-1, -2, 0, 1)": [0.3906686516631504, 1.2499804347623102], "(-1, -2, 0, 0)": [1.0908350798254727, 1.249961675488014], "(-1, -1, 0, 0)": [1.2498182084793885, 0.7853803966163915], "(-1, -2, 1, 0)": [0.8891045992780787, 1.2498986631522675], "(-1, -1, 1, 0)": [1.2497150952039566, 1.0384957155980308], "(-1, -1, 2, 0)": [1.1664324454497115, 1.2499985159207625], "(-1, 0, 2, 0)": [1.2499877368991834, 0.5334911970556705], "(-2, 0, 2, 0)": [1.2499959292836296, 0.9751767304172474], "(-2, -1, 1, 0)": [0.9295371342001538, 1.2499958854592745], "(-2, 0, 1, 0)": [1.2499382386124613, 1.0414386524977832], "(-2, -1, 2, 0)": [1.1651084862648196, 1.2499974931014821], "(-2, 0, 3, 0)": [1.2499244184339406, 0.8034541990113738], "(-2, -1, 3, 0)": [0.47004654131808404, 1.2499492880176768], "(-1, -1, -2, 0)": [0.6817822324268853, 1.2499984296379123], "(-1, 0, -2, 0)": [1.2499997446648725, 0.14502056109793837], "(-1, -1, -3, 0)": [0.2007246109992175, 1.2499998084732062], "(-1, 0, -3, 0)": [1.2499998565058028, 0.31852867357939946], "(0, -2, 0, 0)": [0.43865401327339393, 1.2498336051384678], "(-1, -2, 2, 0)": [0.38719895873883026, 1.2499965173702923], "(0, -2, -1, 1)": [1.245864426062334, 0.14546541880132519], "(0, -2, 1, 0)": [1.2446091170019002, 0.07499999999999996], "(-1, -1, -1, 0)": [1.2498766413309705, 0.4385930818452548], "(-1, -1, 3, 0)": [0.27145035238447385, 1.2499849270669623], "(-1, 0, 3, 0)": [1.2499465321107068, 0.14549429245902384], "(-1, -3, 0, 1)": [0.07246959216579442, 1.2234733956364836], "(-2, 0, 0, 0)": [0.2732290652628768, 1.23655785049975], "(-2, 0, 0, -1)": [1.1870475796493274, 0.1356359717935468], "(-2, 0, -1, -1)": [1.0396688484921235, 0], "(-2, 0, -1, 0)": [1.2337059196077411, 0.06960089181165986], "(-2, 0, -2, 0)": [0, 1.2205001156103048], "(-2, 0, -3, -1)": [0.07499999968739862, 1.1915594641899057], "(-1, -2, -2, 0)": [1.2412208861579614, 0.21165810069884894], "(-1, 0, 1, 0)": [0.21165635382020803, 1.2498870719839081], "(-1, 0, 0, -1)": [0.12179363659563716, 0], "(-1, 0, 0, 0)": [1.2497257473281915, 0.3287229399916248], "(-2, -1, -1, 0)": [0, 0.8406409409889386], "(-2, -1, -2, 0)": [0.6579023170717311, 0], "(-2, -2, -2, 0)": [0.20558371855996155, 0], "(-2, -2, -1, 0)": [0, 0.21299687502989473], "(-2, -1, -3, 0)": [0.218650773457416, 0], "(-2, -2, -3, 0)": [0, 0], "(0, -3, 3, 1)": [0.8624468825288599, 0], "(-1, -3, 3, 1)": [0.7019814410061375, 0], "(0, 0, 0, -1)": [1.1973490881031872, 0.06207622395937317], "(0, -1, -3, 0)": [0, 0.5012060316822602], "(0, 2, -2, -1)": [0, 0.13371521483126927], "(-1, -2, 1, 1)": [0.8292751989709958, 0.07499949810974124], "(-1, -2, 2, 1)": [0.9992043490645303, 0.07262934313238945], "(-1, -2, 3, 1)": [0, 1.075440632437646], "(-2, -2, 2, 0)": [1.118343249803064, 0.0749999818160962], "(-2, -2, 3, 1)": [0, 0.8107242213923108], "(-2, -1, 0, 0)": [1.2471697752158757, 0.43460501344438657], "(-2, -2, 1, 0)": [0, 1.2184960860897556], "(-3, -1, 2, 0)": [0, 1.2227169285004238], "(-3, 0, 2, 0)": [0.07493543308765475, 1.2462443528280824], "(-3, 0, 1, 0)": [1.246841932570543, 0.14519693344127274], "(-3, -1, 1, 0)": [1.2100153042740502, 0], "(0, -2, 2, 0)": [0.3222957942073079, 0], "(-1, 0, -1, 0)": [1.217920861873324, 0.0725113216104218], "(-1, -3, -1, 0)": [0, 0.718193254872858], "(-2, -2, 0, 0)": [0, 1.1848624841826225], "(-3, -2, 1, 0)": [0.11234042080950918, 0], "(-3, -2, 2, 0)": [0.48413215556520584, 0], "(-3, -2, 2, 1)": [0.5218698324723112, 0.06], "(-3, -2, 3, 1)": [0, 0.7377913339816529], "(-3, 0, 3, 0)": [0, 1.217819218307882], "(-3, 1, 1, 0)": [0, 0.26325159332438625], "(-2, 1, 1, -1)": [0.11047594803176507, 0], "(-2, 1, 0, 0)": [0.49792120734242157, 0], "(-2, 1, -1, 0)": [0, 0.228387235163659], "(-2, 1, -1, -1)": [0, 0.7126597743570607], "(-2, 1, -2, -1)": [0.06, 0.7097263788358817], "(-2, 2, -3, -1)": [0, 0.6734644062565379], "(-2, 0, -2, -1)": [1.001510592049176, 0], "(-3, 0, 0, 0)": [0.14201701420584567, 1.1847538692974855], "(-2, 1, 0, -1)": [0, 0.7200845428625128], "(-2, 2, -4, -2)": [0.06249990676571382, 0], "(-3, 1, 1, -1)": [0, 0.2789357405034591], "(-2, 2, 0, -1)": [0.12563906952353399, 0], "(-2, 2, -2, -1)": [0, 0.2789004732345167], "(-1, -2, -1, 1)": [0.32639923455674863, 0], "(-1, -3, -1, 1)": [0, 0.5337448717038402], "(-2, 2, -4, -1)": [0.1454997224776517, 0], "(-2, 0, -3, 0)": [1.0749389521292683, 0], "(-3, -1, 0, 0)": [0, 0.4775347296678463], "(-3, 0, 0, -1)": [0.11980786433822961, 0.06], "(-3, 0, -1, 0)": [0.4270204201185194, 0], "(-3, 0, -2, 0)": [0.5220497000582938, 0], "(-3, -1, -3, 0)": [0, 0.06], "(-3, 0, -3, 0)": [0, 0.24898712451276162], "(0, -3, 0, 1)": [0, 0.14533940582769594], "(-3, 1, 0, 0)": [0, 0.22142117579544798], "(-3, 1, 0, -1)": [0.5161181810850348, 0], "(-2, 1, -3, -1)": [0, 0.6846798500957672], "(-3, 1, -1, 0)": [0, 0.12070537097084916], "(-3, 1, -1, -1)": [0.32812258122434546, 0], "(-3, 1, -2, -1)": [0, 0.06], "(-3, 1, -3, -1)": [0.06162188662526153, 0], "(-3, -2, 3, 0)": [0.07499999953726307, 0], "(-1, -1, 0, 1)": [0.06284258759983755, 0],